amount,hour,transactions_today,location_change,device_change,is_fraud
9595.01,0,24,0,0,0
10153.73,17,3,0,0,0
3287.38,16,20,0,0,0
3314.4,18,9,1,0,0
10475.11,10,9,0,1,1
1542.13,12,4,0,0,0
12108.85,23,15,0,1,1
1191.21,9,21,0,1,0
10571.53,1,22,0,0,1
12831.21,3,13,0,0,1
2448.18,11,7,0,0,0
9140.87,5,18,0,0,1
4056.52,20,23,0,0,0
3443.43,1,11,0,0,0
3197.27,15,13,1,0,0
3980.55,7,24,0,0,0
13468.37,12,12,0,1,1
1372.73,1,4,0,0,0
8950.17,12,13,0,0,0
14566.46,0,22,0,0,1
11531.3,10,4,0,0,0
14307.7,23,9,1,0,1
13059.07,9,21,0,0,1
11440.04,17,25,1,1,1
7334.2,3,12,1,0,1
3599.39,7,19,1,0,1
12242.19,17,25,0,0,1
3983.2,19,14,1,1,1
10697.11,12,22,0,0,1
1823.85,7,3,0,0,0
8830.72,0,3,0,0,0
13582.25,10,3,0,0,1
3221.41,4,24,1,0,1
3652.53,15,14,0,0,0
5320.92,13,15,1,0,1
918.58,23,11,1,0,1
2861.23,14,5,0,0,0
13118.54,2,15,1,1,1
768.32,17,1,1,1,1
2503.0,15,16,0,0,0
2477.91,0,13,0,0,0
4285.89,22,24,1,0,1
2330.4,9,7,1,0,0
11222.15,1,2,0,0,1
862.62,16,3,1,0,0
10131.44,7,13,0,1,1
8688.0,1,20,0,0,1
14021.25,6,22,0,0,1
1971.87,20,10,0,1,0
149.64,19,19,1,0,0
7593.21,4,12,1,1,1
4281.96,14,18,0,0,0
10021.27,17,10,1,0,1
3974.34,3,24,0,0,0
10767.01,6,22,0,0,1
3774.31,1,3,0,0,0
63.15,4,21,1,0,1
8279.69,13,18,0,0,0
8188.4,11,19,0,0,0
4630.79,1,12,0,0,0
5311.64,17,14,1,0,1
12970.44,5,14,0,0,1
11737.97,13,22,1,0,1
2396.38,22,4,0,0,0
3344.28,14,12,0,0,0
3351.62,21,7,0,0,0
14503.67,8,12,0,0,1
14089.16,3,9,0,1,1
583.48,19,14,0,0,0
9097.07,16,4,0,0,0
675.35,13,1,0,0,0
5469.68,2,22,1,0,1
10799.12,9,17,0,0,1
10461.15,17,5,0,0,1
10163.0,5,20,0,0,1
4565.09,6,14,0,0,0
6980.17,14,22,0,0,0
9886.17,9,17,0,0,0
12278.17,7,22,0,0,1
376.14,7,16,0,0,0
6222.47,20,19,0,0,1
6000.8,4,21,0,1,1
11678.52,7,6,1,0,1
762.77,7,4,0,0,0
14251.09,14,20,1,1,1
12460.23,17,15,1,0,1
6756.55,7,21,0,0,1
9404.96,8,15,0,0,0
5044.35,17,3,0,0,0
10599.22,2,14,0,0,1
943.36,13,13,1,0,0
12852.41,18,13,0,1,1
11304.59,13,18,0,0,1
7328.56,8,14,0,0,1
10865.48,14,5,1,0,1
8882.47,21,1,0,0,0
2734.12,8,13,0,0,0
11420.83,12,9,0,0,1
12525.31,15,1,0,0,1
3371.09,2,25,1,0,0
14244.68,6,1,0,0,1
10045.19,18,7,0,0,1
2525.16,19,24,0,0,0
14471.16,3,19,0,0,1
5955.85,22,7,0,0,0
1537.5,9,22,0,0,0
5214.58,13,22,0,0,0
199.66,13,16,0,1,1
10612.56,13,6,0,1,1
9242.53,17,25,0,0,0
4841.35,7,3,0,0,0
8552.05,21,13,0,0,0
2735.78,6,12,0,0,0
8341.31,16,7,0,0,0
8332.09,7,23,0,0,1
11896.06,2,10,0,0,1
9962.76,11,16,0,0,0
5283.64,14,9,0,0,0
4740.06,23,18,1,0,1
3253.61,15,9,0,1,0
14707.85,6,10,0,0,0
10623.2,4,9,0,0,1
10464.29,4,21,1,0,1
8615.22,15,16,0,0,0
3794.65,15,4,1,0,0
8659.55,21,2,0,0,0
1286.86,7,4,0,0,0
11637.65,12,15,1,0,1
4587.65,19,2,0,0,0
9386.47,8,22,0,0,0
2356.42,13,15,0,0,0
3479.83,22,10,0,0,0
13859.43,20,19,0,1,1
1730.5,7,21,0,0,0
1080.43,5,10,0,0,0
6592.91,14,23,0,0,0
7512.08,15,15,0,0,1
11020.66,19,9,0,0,0
14993.59,21,9,0,0,1
7062.81,20,15,1,0,1
9525.42,15,3,0,0,0
10055.3,5,11,0,0,1
12205.35,17,2,0,0,1
1747.66,12,17,1,0,1
6204.58,6,17,0,0,1
11402.26,6,9,0,1,1
13213.89,15,4,0,0,1
10649.64,9,18,0,0,1
14883.93,3,15,1,0,1
7480.65,22,10,0,0,1
14703.87,7,15,0,0,1
12961.76,8,25,0,0,1
12310.04,9,24,0,0,1
12980.26,14,18,0,0,1
6835.62,10,7,1,0,1
3511.1,13,2,0,0,0
5797.32,21,21,1,0,1
1902.43,18,11,1,1,1
1504.68,14,1,0,0,0
1131.68,8,11,0,0,0
12777.96,21,18,0,0,1
13087.02,1,20,0,0,1
14961.41,23,3,0,0,1
6660.74,22,10,1,0,1
4407.58,11,14,0,0,0
2558.05,2,20,1,0,1
7470.03,18,5,0,0,0
3837.35,0,15,1,0,1
1117.19,11,19,0,1,0
6857.97,9,7,1,1,1
3565.71,18,12,0,1,0
338.87,21,13,0,0,0
13660.15,23,16,1,1,1
9109.9,11,8,0,0,0
9427.44,20,21,0,0,0
8697.81,23,5,0,0,1
2642.84,4,18,1,0,1
12458.78,8,16,1,0,1
12065.45,14,3,0,1,1
14509.37,17,12,0,0,1
8053.22,14,12,0,0,1
12338.04,11,4,0,0,1
13729.69,7,21,0,0,1
9742.1,3,5,0,0,1
1750.65,7,18,0,0,0
8814.23,23,5,1,0,1
9238.63,8,2,0,0,0
14258.82,11,4,1,0,1
917.65,8,7,1,1,1
1384.18,6,21,0,1,0
11804.05,7,5,0,0,1
8799.88,7,11,0,0,0
4166.35,4,5,0,0,0
9919.25,0,5,0,0,0
8836.91,0,6,0,0,1
7896.02,23,3,0,0,0
6785.56,7,20,0,0,0
6876.06,0,2,1,0,1
10294.6,15,23,1,0,1
4838.46,4,3,0,0,0
5719.76,19,17,0,0,1
1496.69,22,4,1,0,0
6456.75,7,14,0,0,1
10946.89,10,14,0,0,1
10305.45,15,3,0,0,1
1457.5,23,12,1,0,1
10053.5,13,12,1,1,1
13022.7,23,2,1,0,1
1562.97,16,7,0,0,0
5258.21,17,12,0,0,0
12110.25,17,25,1,0,1
9138.83,21,23,0,0,0
13823.85,11,1,0,0,1
1053.09,23,21,1,0,1
5649.15,14,11,0,0,0
11654.77,18,20,0,0,1
11318.99,1,22,0,0,1
7290.07,14,14,0,0,0
5184.14,3,10,0,0,0
690.81,12,20,0,0,0
11512.57,8,10,0,0,1
2643.67,12,18,0,0,0
1090.41,23,2,0,0,0
12933.03,18,14,0,0,1
4349.83,12,1,1,0,0
12482.07,11,3,0,0,1
8837.18,16,3,0,0,0
3331.37,5,3,0,0,0
13589.78,11,12,0,0,1
3551.67,4,9,0,0,0
2665.42,20,16,0,0,0
10220.19,18,21,0,0,1
2272.85,2,16,0,0,0
8875.38,11,17,0,0,0
862.78,9,3,0,1,0
9228.98,16,13,0,0,0
6751.51,18,21,0,0,0
14366.26,14,4,1,0,1
7573.19,5,2,0,0,1
7865.79,19,6,0,1,1
6137.45,10,22,0,0,0
998.02,3,18,0,0,0
5007.1,18,22,0,0,1
1942.99,22,3,0,0,0
12199.64,21,23,1,0,1
9693.91,13,17,0,0,0
14268.03,10,25,0,0,1
2332.63,9,4,0,0,0
9932.32,19,5,0,0,0
12471.86,19,6,0,0,1
10148.68,7,15,0,0,1
3517.7,7,10,1,0,0
5523.94,18,15,0,0,1
7548.57,13,6,1,0,1
13096.3,1,21,0,0,1
10673.9,16,4,0,0,1
6745.3,16,5,1,0,1
12252.38,11,1,0,0,1
3544.31,2,12,0,0,0
12589.25,20,11,0,0,1
13761.77,15,23,1,0,1
6734.54,0,3,0,0,0
8236.58,23,20,0,0,1
3572.23,3,2,0,0,0
951.48,15,20,0,0,0
10780.98,9,14,0,0,1
2817.84,21,3,0,0,0
5862.9,15,2,0,1,1
11212.28,11,3,0,0,0
11574.81,23,25,0,0,1
12204.5,5,25,0,1,1
9479.72,4,3,0,1,1
4408.7,1,7,1,0,0
7735.6,17,16,0,0,0
4298.8,1,21,0,0,0
6559.9,12,24,0,1,1
14606.12,15,23,0,1,1
12019.21,23,14,0,0,1
8186.66,10,4,0,0,0
6694.28,22,14,0,0,1
644.9,11,20,1,0,0
1134.87,20,13,0,0,0
14292.31,4,20,0,0,1
1017.83,20,12,0,1,0
9080.37,21,15,1,0,1
8613.09,16,12,0,0,0
14408.2,0,24,0,0,1
3934.03,8,23,0,1,0
10412.77,15,7,0,1,1
2598.12,22,15,1,0,1
10020.92,22,3,0,0,1
12771.92,22,23,1,0,1
7636.25,3,7,0,0,1
404.0,17,19,0,0,0
9183.11,2,3,0,1,1
7890.18,13,19,0,1,1
6755.12,21,17,0,1,1
11519.05,4,14,0,1,1
7776.35,9,6,0,1,1
5196.89,16,10,1,0,1
1886.3,9,20,0,0,0
8881.21,18,5,0,0,0
12639.52,18,2,1,0,1
14228.72,18,9,0,0,1
9275.45,0,16,1,0,1
7249.34,21,13,0,0,0
2379.63,13,16,0,0,0
4695.61,22,11,0,1,1
1970.18,11,17,0,0,0
1846.6,14,8,0,0,0
12963.82,13,8,1,1,1
14006.94,23,11,0,0,1
7486.41,9,16,0,1,1
14500.63,6,19,0,0,1
8966.81,20,22,0,0,0
6469.61,8,24,0,0,0
6014.72,18,18,0,0,0
5801.37,14,25,0,0,0
1938.66,3,13,0,1,1
11326.93,6,20,0,0,1
593.32,22,11,1,0,1
9097.85,16,5,0,0,0
5900.39,19,24,1,0,1
10634.01,9,16,1,0,1
14698.67,18,10,0,0,0
8957.68,8,21,0,0,0
10823.79,18,16,0,0,1
2225.16,21,8,0,1,0
2869.86,14,11,0,0,0
6161.56,19,16,1,0,1
10589.57,16,7,0,1,1
7886.9,10,6,0,0,0
10141.27,23,22,0,0,1
2892.04,7,9,0,0,0
11569.9,22,7,0,0,1
5238.56,23,9,0,0,1
13437.45,12,12,1,0,1
640.58,22,3,0,0,0
11212.6,6,7,1,0,1
2067.72,19,24,0,0,0
9572.79,1,4,0,0,0
10221.07,4,1,1,1,1
6109.54,15,16,0,0,0
4824.3,20,2,1,0,0
8031.93,23,2,1,0,1
14009.5,1,13,0,0,1
13152.38,0,10,0,0,1
4275.58,20,18,0,1,0
12767.39,14,9,0,0,1
10969.48,20,9,0,0,1
11863.61,18,22,0,0,1
12406.58,16,11,0,0,1
14725.46,15,11,1,0,1
3540.46,8,11,0,0,0
3930.68,11,23,0,0,0
4609.03,12,22,0,1,0
10357.45,20,10,0,0,1
7177.95,14,24,1,0,1
11362.68,21,7,0,0,0
7887.34,16,23,0,1,1
935.75,17,17,0,0,0
4928.48,16,15,0,0,0
1373.22,16,15,1,0,1
6857.41,1,18,0,0,0
5945.27,0,24,0,0,1
5174.49,2,18,1,1,1
14792.2,15,2,0,0,1
11489.76,23,21,1,0,1
6733.57,12,13,0,1,1
9806.48,11,4,0,0,0
10920.59,7,1,0,1,1
10105.76,17,14,0,0,1
6914.77,4,9,0,1,1
492.94,21,14,0,1,0
3617.59,2,4,0,0,0
3678.56,1,13,0,0,0
2110.63,9,8,1,0,0
8666.35,21,11,0,1,1
6209.27,8,2,0,0,0
9393.64,13,18,0,1,1
11789.21,10,23,0,0,1
2766.35,17,16,0,0,0
12088.58,1,18,0,0,1
5832.4,8,7,0,0,0
12708.53,2,18,0,0,1
5663.75,19,20,0,0,0
7196.12,10,10,1,0,1
14431.54,3,24,1,0,1
10437.44,22,7,0,0,1
11634.95,12,15,0,0,1
5401.07,15,15,0,1,1
11426.82,10,7,0,0,1
11121.37,0,9,0,0,1
4434.93,6,11,0,0,0
7494.53,20,22,0,0,1
14497.96,20,24,0,0,1
2547.29,23,18,0,1,0
7863.93,2,22,0,0,1
12639.75,7,3,0,0,1
5604.28,19,21,0,0,1
9892.67,0,1,0,0,0
7945.97,8,18,1,0,1
12094.45,5,4,1,0,1
2887.06,16,9,1,0,0
1194.5,12,15,0,1,0
4506.62,2,21,1,0,0
1411.57,12,13,0,0,0
10545.65,2,16,1,0,1
8492.19,3,17,1,0,1
4073.71,2,22,1,1,1
2698.52,10,1,1,0,0
13933.84,9,6,0,0,1
10158.75,17,11,0,0,1
7516.88,11,2,0,0,0
5115.49,19,20,0,0,0
9515.5,14,16,0,0,1
6483.4,21,19,0,0,0
11972.85,22,3,0,0,1
11097.43,10,12,0,0,1
6676.59,8,4,0,0,0
8359.21,16,14,0,0,0
8957.9,10,13,0,0,0
10875.41,17,8,0,0,1
2550.83,8,10,0,0,0
6525.8,13,10,0,0,0
14163.89,23,21,0,0,1
1613.52,9,1,1,0,0
12063.11,10,15,0,0,1
4513.52,19,23,0,0,0
14531.19,9,24,0,0,1
4895.03,8,13,0,1,0
8887.48,17,6,0,0,0
14145.19,6,15,0,0,1
12286.29,13,22,0,0,1
3797.7,4,23,0,0,0
14860.6,15,19,0,0,1
8159.24,11,23,1,0,1
1649.45,7,22,0,0,0
8452.67,20,22,0,1,1
14486.09,13,4,0,0,1
6692.22,12,15,0,0,0
5181.06,0,16,0,0,0
1749.88,23,5,0,0,0
7821.51,11,16,0,0,1
4790.45,9,2,1,0,0
9723.07,21,6,1,0,1
8283.14,10,18,0,0,1
9450.11,5,21,0,0,1
6749.13,13,13,0,0,0
11287.36,2,19,0,1,1
5493.24,6,15,0,0,1
7920.45,20,11,0,0,0
5225.39,14,20,0,0,0
13781.05,18,3,0,0,1
4587.65,5,12,0,0,0
8950.42,18,13,0,0,0
8328.14,15,10,0,0,0
9294.96,11,1,0,0,0
14457.8,16,21,0,0,1
10655.03,14,16,0,0,1
4388.43,8,8,0,0,0
8489.1,15,18,0,0,0
11628.94,11,18,1,0,1
8199.84,13,4,0,0,0
4472.66,1,15,0,1,0
6591.66,3,25,1,0,1
12917.12,19,21,0,0,1
12204.81,1,19,0,0,1
4861.57,22,10,0,0,0
2042.48,13,2,1,1,1
10524.38,4,8,0,0,1
11424.49,21,13,0,0,1
9420.91,12,15,0,0,0
6048.73,23,9,0,1,1
14254.31,10,19,0,0,1
10966.67,14,21,0,0,1
11937.21,12,7,1,0,1
4035.37,9,11,0,0,0
11826.67,21,25,0,0,1
254.06,5,15,0,1,1
3042.75,22,5,1,0,0
1409.17,11,9,0,0,0
786.29,20,10,0,0,0
9835.72,22,4,0,0,0
8909.26,16,22,0,0,0
12258.46,13,23,0,0,1
1349.07,3,4,0,1,0
5746.99,4,21,1,0,1
9158.69,5,15,0,0,1
13799.21,19,22,0,0,1
2108.8,3,19,0,0,0
4724.41,4,8,0,0,0
11686.76,22,1,1,0,1
3089.63,19,17,0,0,0
11759.19,7,16,0,0,1
7929.01,0,12,1,0,1
5487.53,21,6,0,1,0
260.17,2,1,0,0,0
14230.71,12,17,0,0,1
6359.39,12,3,0,0,0
4169.24,9,3,0,0,0
8050.49,12,19,0,0,0
4659.44,13,24,1,0,0
1302.33,13,4,0,0,0
9994.53,21,24,0,0,0
10525.48,5,16,1,0,1
2512.77,4,24,0,0,0
11573.74,0,11,1,0,1
3951.62,18,21,0,0,0
841.03,18,6,0,0,0
13415.08,21,24,0,0,1
670.13,0,8,0,0,0
2692.62,1,18,1,0,1
3375.48,7,14,1,0,0
8577.32,3,17,0,0,1
12067.03,1,13,0,0,1
11605.18,9,11,0,0,1
3018.06,18,10,0,0,0
8879.45,15,25,0,0,0
2266.99,13,1,0,0,0
14265.34,0,25,0,0,1
1568.2,16,8,0,1,0
10677.67,2,2,1,1,1
10515.7,11,15,1,0,1
7586.36,20,13,0,0,1
9940.03,4,8,0,1,1
10513.88,23,11,0,0,1
14153.88,4,25,0,0,1
2473.98,14,11,0,0,0
6784.24,14,9,1,0,1
12397.54,22,20,0,0,1
2233.37,22,8,1,0,0
10160.98,8,6,0,0,1
8343.75,17,8,0,0,0
1830.58,1,25,1,0,1
5589.87,20,21,0,0,0
336.78,2,7,1,0,0
1388.76,10,4,0,0,0
13862.73,13,24,0,0,1
2600.38,6,6,0,0,0
529.4,19,20,0,0,0
13242.85,15,2,0,0,1
2999.87,16,8,0,0,0
14841.16,22,12,0,0,1
13691.03,16,11,0,0,1
8960.77,0,25,0,0,1
7946.19,18,8,1,0,1
4005.24,23,2,0,1,1
5328.52,5,6,0,0,0
13710.56,0,23,0,1,1
8451.0,6,16,0,0,0
1362.96,7,20,0,0,0
4982.69,19,7,1,0,0
13782.52,10,2,0,0,1
11617.75,16,12,1,0,1
8794.39,10,10,0,1,1
11879.72,15,21,0,0,1
3356.33,18,6,0,0,0
1918.95,23,1,1,1,1
12762.85,18,2,0,0,1
9598.31,3,16,0,0,1
5208.68,10,6,0,1,1
6704.98,8,7,0,0,0
11807.43,23,1,0,0,1
14536.84,13,16,1,0,1
1530.41,15,19,0,0,0
6774.8,1,10,0,0,0
1122.26,5,13,0,0,0
5075.88,19,16,0,0,0
9113.69,13,6,0,0,0
6145.11,17,24,1,0,1
4468.04,3,2,0,0,0
2312.31,11,1,0,0,0
3003.13,0,7,0,0,0
7108.82,3,10,0,0,0
1376.14,17,13,0,1,0
2806.88,1,9,0,0,0
8468.06,4,25,0,0,1
12124.62,13,25,0,0,1
12277.89,13,18,0,1,1
7149.17,2,13,1,0,1
1813.03,14,6,1,0,0
12128.83,4,2,0,1,1
3036.77,20,5,1,0,0
1314.54,17,13,0,1,1
13758.26,0,23,0,0,1
1696.66,4,5,0,0,0
13874.67,18,25,0,0,1
13169.62,8,13,0,0,1
571.61,8,13,0,0,0
591.35,10,23,0,0,0
13456.5,0,11,1,0,1
12644.27,22,22,0,1,1
4514.2,23,15,0,0,0
9078.64,2,7,0,1,1
11116.76,16,12,1,0,1
993.6,22,17,0,0,0
2614.32,6,2,0,0,0
10572.46,8,12,1,0,1
10220.8,7,12,0,0,1
8807.33,11,12,0,1,1
4283.19,12,2,0,0,0
12858.1,20,8,0,0,1
7704.09,21,1,0,0,0
9021.12,0,8,0,0,0
10693.98,22,21,0,1,1
6890.38,6,15,0,0,1
8771.46,0,17,1,1,1
8426.24,19,20,0,0,1
966.92,8,21,0,0,0
2833.52,16,25,0,0,0
9911.35,21,5,0,0,0
3898.8,13,13,0,0,0
5154.07,22,8,0,0,1
13598.83,21,12,0,0,1
4413.82,15,5,0,0,0
14204.38,10,21,0,0,1
6312.88,10,12,0,0,0
7063.34,20,19,0,0,1
13342.5,16,4,1,0,1
6202.48,4,5,1,0,1
2156.93,22,6,0,0,0
4708.08,1,1,0,0,0
8648.42,5,16,0,0,1
9221.05,20,14,0,1,1
79.99,17,7,0,1,0
11355.15,16,7,0,0,1
3401.72,11,10,0,0,0
2513.63,1,10,1,0,0
6510.64,21,5,0,1,1
11254.23,5,13,0,0,1
3175.74,0,19,0,0,0
5634.13,20,9,0,0,0
9932.93,20,1,0,0,0
5710.0,17,9,0,0,0
4523.74,21,4,0,0,0
6288.2,3,17,0,0,0
11773.55,15,7,0,0,1
5375.25,13,10,0,0,0
10326.18,15,11,0,0,1
13604.13,18,22,0,1,1
10856.22,3,9,0,0,1
3969.23,1,4,1,1,1
5409.62,21,11,0,0,0
154.99,4,22,0,0,0
14326.79,8,24,0,0,1
1716.34,12,15,0,0,0
12000.49,20,6,0,0,0
14723.72,5,4,0,0,1
2727.1,12,25,0,0,0
7251.36,15,4,1,0,0
3931.58,10,1,0,0,0
14668.65,21,11,0,0,1
6498.39,23,8,0,0,1
2238.33,17,20,0,0,0
7588.46,15,16,1,0,1
4816.3,10,9,0,0,0
6055.12,7,3,0,0,0
1329.42,15,15,0,1,0
1548.62,13,2,0,0,0
11878.83,19,21,0,0,1
9822.39,14,11,0,0,0
12666.32,10,18,0,0,1
10741.54,3,4,0,0,1
5333.53,20,10,0,0,0
696.21,5,16,0,0,0
1613.35,19,7,0,1,0
3241.69,6,23,0,0,0
13900.13,21,19,0,1,1
9880.27,16,5,1,0,0
8302.86,13,19,0,0,0
10380.35,5,24,1,0,1
7566.61,12,14,1,1,1
4111.2,10,10,0,0,0
9041.84,23,17,0,0,1
10681.0,17,21,0,0,1
10302.3,21,5,1,0,1
7563.36,22,21,0,0,1
8438.58,18,19,1,0,1
13163.38,13,1,0,0,1
805.44,1,7,0,0,0
10254.02,4,2,0,0,1
5386.65,14,4,0,0,0
11138.77,17,13,0,0,1
10397.11,1,13,0,1,1
14487.84,1,1,0,0,1
12451.45,20,23,0,0,1
11644.44,6,10,0,1,1
2812.78,5,24,0,0,0
4193.89,8,5,0,0,0
4965.14,22,5,0,1,0
11607.18,20,20,1,0,1
1102.48,22,11,0,1,0
11796.01,5,14,0,0,1
3325.76,6,22,0,0,0
14255.12,19,17,0,0,1
1729.68,11,15,0,0,0
14383.86,21,11,0,0,1
5794.28,17,24,0,1,1
7719.49,16,15,0,0,0
4811.49,2,4,0,1,0
9407.73,6,22,0,0,1
12536.62,6,18,1,1,1
9701.95,2,24,0,0,1
577.92,2,2,0,0,0
8628.68,7,9,0,0,0
6501.05,0,13,0,0,0
11341.85,18,2,0,0,0
4354.65,21,10,0,0,0
5727.39,21,1,0,0,0
11203.84,17,10,1,0,1
14361.3,0,18,1,0,1
85.4,19,13,0,1,0
3158.69,23,24,0,0,0
2422.71,7,20,1,0,0
10067.96,18,2,1,1,1
9673.67,2,10,0,0,0
10886.58,15,11,0,0,1
1509.68,19,3,1,0,0
4931.91,21,10,0,0,0
12117.42,13,6,0,0,1
10685.86,20,14,0,0,1
13169.51,14,15,0,0,1
2644.79,19,3,1,1,1
13370.54,6,9,0,0,0
13382.66,16,21,0,0,1
11540.31,6,2,0,0,1
9812.08,4,12,0,1,1
2016.88,16,17,0,0,0
9943.55,19,22,0,0,1
2396.74,18,19,0,1,1
14088.24,1,8,0,0,1
5547.83,1,22,0,1,1
5827.52,14,2,0,0,0
10559.01,16,21,1,0,1
8683.69,18,6,0,0,0
7754.78,12,8,0,0,0
7308.05,15,20,0,1,1
2492.43,2,17,0,0,0
2368.79,19,23,1,0,1
12169.48,23,4,0,0,1
8865.96,20,14,0,0,0
2029.51,16,2,1,0,0
3881.31,5,17,1,0,0
13178.85,23,22,1,1,1
6743.56,15,16,0,0,0
11921.29,5,20,0,0,1
13836.06,19,19,0,0,1
1637.47,6,17,1,0,1
12399.45,19,4,0,1,1
13167.51,17,17,0,0,1
13530.75,17,1,1,0,1
7835.44,11,2,0,0,0
11845.44,12,12,0,0,1
6388.09,8,16,0,1,1
4256.17,17,14,0,0,0
8674.03,3,17,0,0,1
6138.59,3,5,0,0,0
12826.1,13,19,0,0,1
11327.03,13,18,0,0,1
8390.82,15,9,1,0,1
11039.38,21,4,0,0,1
1513.18,16,13,0,0,0
2419.46,20,1,1,0,0
13888.67,13,3,0,0,0
9139.34,23,13,1,0,1
10676.97,19,2,1,0,1
6590.19,6,22,1,0,1
513.8,19,17,0,0,0
10113.63,11,8,0,1,1
14952.29,12,12,0,0,1
7770.96,23,23,0,0,1
10894.82,17,19,0,1,1
3402.17,6,15,1,0,0
2633.77,16,4,0,0,0
14205.76,16,9,1,0,1
10415.94,12,19,0,0,1
14418.97,14,22,0,0,1
7234.73,8,3,0,0,0
10156.93,7,11,0,0,1
10515.27,8,8,0,0,1
1149.67,5,16,0,0,0
2749.94,23,22,1,0,1
3530.57,7,9,0,0,0
12546.66,11,5,0,0,0
10140.42,21,16,0,0,1
12721.68,11,20,0,1,1
7367.17,16,9,0,0,0
821.68,13,16,1,0,0
5911.82,21,25,0,1,1
4741.61,0,1,0,0,0
4888.29,19,9,0,0,0
7075.47,19,11,0,0,0
6292.2,11,12,1,0,1
8575.43,18,22,0,0,0
12063.27,17,14,1,0,1
7100.08,0,6,0,0,0
11782.14,9,9,0,0,1
1493.63,5,2,0,0,0
6753.32,10,9,0,0,0
5168.66,13,4,0,0,0
8657.04,20,21,0,1,1
5333.08,21,17,0,0,0
5722.25,9,15,0,0,0
9612.3,10,14,0,0,0
1195.89,10,8,0,0,0
9084.72,12,9,1,0,1
11220.95,16,15,0,0,1
1884.35,7,22,0,0,0
3166.47,12,4,0,1,0
8231.02,0,25,0,0,0
1567.89,19,5,0,1,0
4647.47,7,24,0,0,0
7905.87,5,1,0,0,0
12964.97,14,18,1,0,1
14543.44,22,18,0,0,1
7856.66,20,18,0,0,0
12072.57,14,10,0,0,1
168.23,16,25,1,0,1
8031.13,22,16,1,0,1
11490.38,9,20,0,0,1
2836.68,17,14,0,0,0
12428.12,7,9,0,0,1
4277.31,23,18,1,0,0
2744.28,9,4,0,0,0
10510.08,15,7,0,0,0
2797.2,3,10,0,0,0
3499.83,4,1,0,0,0
11788.02,15,12,0,0,1
1212.54,4,2,0,0,0
2732.24,8,13,1,0,0
5778.12,14,8,0,0,0
11032.49,3,17,0,0,1
10224.82,9,11,0,0,1
3807.16,20,10,0,1,0
14599.38,7,21,0,0,1
8774.61,12,8,0,0,0
10329.21,4,12,0,0,1
1380.11,19,11,1,1,1
906.03,20,5,0,0,0
7322.76,10,18,0,0,1
11000.5,0,23,0,0,1
13480.96,15,23,0,0,1
2854.74,5,18,0,0,0
13016.25,19,18,0,0,1
4442.13,8,18,0,0,0
11007.53,0,20,1,0,1
4817.2,2,22,1,0,1
7865.81,15,25,0,0,0
6152.97,10,4,0,0,0
12529.55,4,6,1,0,1
2882.33,1,19,0,0,0
7892.06,22,19,0,0,0
206.16,6,21,0,1,0
7026.21,20,2,0,0,0
12332.18,22,2,1,0,1
11017.16,9,3,1,1,1
1527.36,7,18,0,0,0
8554.71,5,18,0,0,0
11496.59,18,12,0,0,1
13243.53,5,6,0,0,1
8013.17,19,15,1,1,1
12674.36,13,25,0,0,1
9130.12,18,18,0,0,0
5406.53,14,15,1,0,1
14744.52,19,1,0,1,1
108.47,7,7,1,0,0
13787.49,16,18,0,0,1
575.67,11,5,0,0,0
3502.58,9,3,0,0,0
11016.65,23,11,0,0,1
8932.52,9,2,0,0,0
11704.03,10,12,1,0,1
13048.1,7,24,0,0,1
9511.97,20,13,0,0,0
8103.55,4,11,0,0,0
10107.79,12,15,0,0,1
3339.06,9,13,0,0,0
8575.89,1,18,0,0,1
11609.64,4,25,0,0,1
5935.83,18,7,0,1,1
3642.3,8,25,0,0,0
1696.82,13,14,0,0,0
8912.22,0,25,0,1,1
9351.5,14,2,1,0,1
2348.31,23,3,0,0,0
13032.6,9,1,0,0,1
6756.42,0,11,0,0,1
8200.9,8,18,0,0,0
10429.12,21,1,0,1,1
3839.29,1,10,0,0,0
805.75,20,1,0,0,0
12965.59,0,10,1,0,1
14697.09,16,23,0,0,1
2804.4,16,15,0,0,0
3718.41,16,10,0,0,0
285.4,21,12,0,0,0
12180.27,20,9,1,1,1
14162.61,8,8,0,1,1
1326.05,12,17,1,0,0
6265.83,18,5,0,0,0
6743.05,4,7,0,0,0
12940.19,9,23,0,0,1
6456.66,4,21,1,1,1
1026.53,17,24,0,0,0
10908.92,10,14,1,0,1
2287.84,6,4,0,0,0
9088.01,19,8,0,0,0
5395.33,22,25,0,0,1
10683.17,11,6,1,0,1
2465.16,7,2,0,1,0
14253.47,7,24,0,0,1
1001.38,14,20,0,0,0
13314.93,13,13,0,0,1
10805.81,12,20,1,0,1
7814.53,14,15,1,0,1
7785.35,12,24,0,0,0
2855.86,14,13,1,0,0
6925.59,13,10,0,0,0
6959.05,20,15,0,0,0
11683.18,22,18,0,0,1
383.43,14,19,1,1,1
1361.79,10,23,0,0,0
10778.44,3,3,0,0,1
1288.75,22,13,0,1,1
5686.39,12,2,0,1,1
2440.24,4,6,0,0,0
4649.68,14,10,0,0,0
14406.9,0,20,0,0,1
12832.61,17,1,0,0,1
8837.05,15,15,0,0,0
3678.25,17,9,0,0,0
743.29,4,2,0,0,0
10008.28,19,10,0,0,0
6260.18,5,6,0,0,0
14494.74,23,19,0,0,1
4849.1,12,3,0,0,0
4399.56,4,4,0,0,0
7874.45,22,7,0,0,0
7260.11,22,20,1,1,1
6411.53,10,9,0,1,1
13907.31,19,19,0,0,1
7392.64,5,20,0,0,1
33.7,0,15,0,0,0
11995.47,13,14,0,0,1
179.35,6,23,0,0,0
4511.26,17,11,0,0,0
5127.01,23,19,0,0,1
2918.29,10,22,0,0,0
9688.33,15,5,0,1,1
6942.43,13,24,0,0,0
8332.11,0,7,0,0,0
1002.53,4,9,1,0,1
9401.4,5,19,0,0,0
12970.26,9,23,1,0,1
6213.9,15,8,0,0,0
3249.94,9,6,0,0,0
13701.17,14,17,0,0,1
2861.27,15,24,1,0,0
2157.99,3,17,0,0,0
6895.93,22,17,0,0,0
10308.91,19,3,0,1,1
7813.46,21,24,0,0,0
9586.37,6,11,0,0,0
11594.08,21,4,0,0,0
238.7,19,18,0,0,0
8244.99,8,5,1,0,1
2577.41,9,20,1,0,0
1959.81,15,22,0,0,0
6402.72,5,23,0,0,1
9248.57,9,11,1,0,1
14605.49,14,19,0,0,1
1467.97,9,22,0,0,0
3483.1,7,5,1,0,0
5887.23,22,22,0,1,1
6804.71,0,3,0,0,1
12688.04,9,25,0,0,1
6091.23,22,4,0,0,0
7995.86,12,19,0,0,0
14608.64,12,3,0,0,1
11766.87,13,19,0,0,1
2604.55,21,3,0,0,0
1723.7,19,15,0,0,0
2650.85,12,3,0,0,0
4917.85,20,22,0,0,0
13310.05,20,1,0,0,1
7973.52,12,20,0,0,0
4503.03,21,10,1,1,1
14854.44,18,1,0,0,1
12789.05,1,12,1,1,1
10553.28,11,4,1,1,1
6481.42,18,13,0,0,1
5729.66,17,7,0,0,0
8335.77,11,14,0,1,1
2022.82,2,21,0,0,0
9872.32,4,3,0,0,1
13404.8,22,20,1,0,1
7646.13,17,15,0,0,1
9072.55,18,16,1,0,1
6168.46,17,19,0,1,1
10576.19,3,19,0,0,1
10955.48,16,25,0,0,1
7855.12,19,3,0,0,0
10264.27,17,19,0,0,1
8030.15,0,16,0,1,1
6321.03,9,10,0,0,0
10907.31,18,9,0,0,1
8597.17,21,10,1,0,1
7276.56,4,17,0,0,1
1996.76,8,9,1,0,0
9061.28,18,24,0,0,0
3926.18,22,8,0,0,0
5149.29,2,5,0,0,1
11293.89,13,25,0,0,1
3170.74,23,12,0,0,0
797.32,14,13,0,0,0
5703.21,22,13,0,0,1
187.83,14,13,0,1,0
1469.49,17,21,0,0,0
5031.16,8,4,0,0,0
11599.53,23,8,0,0,1
7804.09,21,23,1,0,1
10095.3,2,1,0,0,1
5279.23,23,10,0,0,0
862.66,19,22,1,0,0
10624.05,3,3,1,0,1
13441.06,22,6,0,0,1
9585.32,8,25,0,1,1
3867.48,2,9,0,0,0
14939.42,8,9,0,0,1
9158.43,5,21,0,0,1
3283.61,20,4,1,0,0
532.56,2,19,0,0,0
13448.72,4,21,0,1,1
4003.88,22,11,1,0,1
7177.31,12,24,0,0,0
59.58,22,25,0,0,0
5008.26,9,13,0,1,1
5486.68,10,3,1,0,1
9720.41,5,18,0,0,1
4490.07,12,4,0,0,0
13279.36,14,24,0,0,1
10798.89,18,8,0,0,1
7500.27,14,1,0,0,0
6088.56,6,21,0,0,0
11118.36,7,3,0,0,0
7073.58,19,2,0,0,0
2592.01,1,10,1,0,0
12531.93,2,4,0,0,1
956.02,6,14,0,0,0
4870.28,21,19,0,0,0
11465.78,18,6,0,0,1
11365.68,5,23,0,0,1
13885.88,1,5,0,0,1
11667.15,0,16,0,0,1
10604.05,18,10,0,0,1
10388.45,6,5,0,0,1
3596.41,5,20,0,0,0
9184.63,2,21,1,0,1
78.5,7,7,0,0,0
9287.62,17,17,0,0,0
4153.63,6,4,0,0,0
7467.75,5,22,1,0,1
4283.12,13,9,0,0,0
659.33,23,2,1,0,0
7281.07,3,3,1,0,1
6291.8,23,22,1,0,1
4898.72,3,8,0,1,1
13371.56,2,16,0,0,1
2182.67,19,15,0,0,0
10800.12,20,12,1,0,1
491.1,18,2,0,0,0
6884.1,5,25,0,1,1
11845.31,20,20,1,0,1
1306.25,16,16,1,0,1
12556.47,8,1,0,0,1
3724.99,13,19,0,1,0
13707.18,0,14,1,0,1
11004.81,16,2,0,0,0
6792.1,7,3,0,0,0
14249.51,4,12,0,0,1
248.79,21,10,0,0,0
14646.55,14,25,0,0,1
11849.98,11,21,0,0,1
5779.34,22,11,0,0,1
10473.84,19,18,0,0,1
9310.62,10,24,1,0,1
13320.79,3,13,0,0,1
5502.83,20,18,0,0,0
2084.7,10,8,0,0,0
11300.07,7,11,0,0,1
4164.41,2,12,0,0,0
7057.76,17,22,1,1,1
9318.06,21,23,1,1,1
2833.42,14,3,0,1,0
14374.27,2,4,0,0,1
7449.97,6,17,1,0,1
14543.92,17,5,0,0,0
4379.84,2,1,1,0,0
6181.26,10,21,0,0,1
6875.53,18,5,1,0,1
3409.46,11,10,0,0,0
4272.89,5,20,1,0,1
2742.38,5,23,0,0,0
2427.21,3,2,1,0,1
3913.5,5,7,0,0,0
14670.56,4,12,0,1,1
1831.14,0,13,1,0,1
13917.89,4,1,1,0,1
9712.19,9,16,1,1,1
11995.65,23,15,0,0,1
13503.62,4,22,0,0,1
9266.65,7,15,0,0,0
8755.64,7,25,0,0,1
10159.18,2,17,0,0,1
13627.62,11,13,0,1,1
5797.83,0,10,0,0,1
13115.78,2,7,0,0,1
12057.25,9,6,1,1,1
10931.8,13,5,1,0,1
3124.68,15,17,1,0,1
1335.84,13,21,1,0,1
10656.6,4,7,0,0,1
643.07,9,19,0,0,0
3375.56,0,5,0,1,1
1871.41,21,10,0,0,0
436.35,8,16,1,0,0
8720.18,18,14,1,0,1
14614.14,3,12,0,0,1
2451.08,1,5,0,1,0
5367.21,1,9,0,0,0
740.24,9,17,0,0,0
11498.97,5,25,0,0,1
13087.92,21,10,0,0,1
1446.54,18,12,1,0,0
5601.48,15,14,0,1,1
3275.96,16,8,1,0,0
6266.02,2,4,1,1,1
5229.67,22,12,0,0,1
2591.39,9,1,0,0,0
12853.66,4,23,0,0,1
14716.83,13,23,0,0,1
11622.64,13,2,0,0,0
7041.54,8,2,0,0,0
11737.74,19,7,0,0,1
448.59,4,24,1,1,1
5289.53,16,25,0,0,0
1495.59,18,25,0,0,0
14464.31,5,25,0,1,1
13864.24,16,23,0,0,1
6600.59,3,6,1,1,1
3221.97,7,14,0,1,0
6993.87,16,5,0,0,0
8361.41,1,3,0,0,0
6859.62,23,10,0,0,0
8313.2,9,14,0,0,1
14086.84,11,6,0,0,0
5951.58,16,22,0,0,1
6015.36,18,4,0,1,1
980.01,6,11,0,0,0
1850.2,13,24,0,0,0
11346.98,20,13,0,0,1
14812.97,16,9,0,0,0
3767.84,15,8,0,0,0
11069.6,2,16,0,1,1
9072.71,10,5,0,0,0
9919.6,16,25,0,0,0
9934.78,15,17,0,0,0
14289.18,1,14,1,0,1
4725.24,12,15,0,0,0
13271.66,5,16,0,0,1
7316.95,3,19,0,0,1
7143.91,5,17,0,0,1
9257.93,11,25,1,0,1
8861.05,4,12,0,0,0
11480.26,20,11,0,0,1
6184.82,1,22,0,0,1
8892.05,22,3,1,0,1
305.48,10,2,0,1,0
4006.62,22,16,0,1,1
8559.6,10,19,0,0,0
5046.15,16,25,0,0,0
5456.38,13,7,0,0,0
12607.3,17,7,0,0,1
12071.0,19,24,1,0,1
8882.05,8,3,0,0,0
3153.99,2,21,1,0,1
6499.33,17,11,0,0,1
10076.69,17,6,1,0,1
8656.88,6,22,1,0,1
4026.36,20,18,1,1,1
14020.19,23,21,0,0,1
2224.68,4,24,0,0,0
6159.8,2,21,0,0,1
9694.18,8,22,0,0,0
2257.93,0,8,0,0,0
8401.78,13,14,0,0,0
4097.95,0,9,0,0,0
9667.96,1,24,0,0,0
4715.43,9,3,1,0,0
10078.36,2,13,1,0,1
3548.26,18,24,0,0,0
7451.8,2,8,0,0,0
4946.0,18,24,0,0,0
14033.15,6,5,0,0,1
6597.74,8,19,0,0,0
4754.18,13,16,0,1,0
5451.34,22,12,1,0,1
12623.68,21,2,0,0,1
3802.21,12,10,0,0,0
8028.31,7,15,0,1,1
13913.34,8,10,0,0,1
4468.37,5,15,0,1,1
11841.87,8,3,1,1,1
11056.76,10,23,0,1,1
12367.77,22,9,0,0,1
6804.39,0,25,0,0,1
11867.38,4,1,0,0,1
8641.38,3,6,0,0,0
12705.94,21,14,0,0,1
13103.85,4,9,0,0,1
11994.93,6,3,0,0,1
14171.91,18,8,0,0,1
13603.6,14,7,0,1,1
6021.51,13,20,0,0,0
2560.14,18,4,0,0,0
12410.59,15,4,0,0,1
4326.55,15,13,0,1,0
14928.16,9,24,0,0,1
11889.03,0,10,1,0,1
13610.85,11,19,0,0,1
7038.54,10,23,0,0,1
10629.71,23,20,0,0,1
791.17,7,16,1,1,1
90.36,16,20,0,1,0
1992.25,17,2,0,0,0
13955.6,14,5,0,0,1
2135.52,3,11,0,0,0
11219.87,13,10,1,0,1
7759.42,13,6,0,1,1
8339.56,21,21,0,0,0
827.96,5,2,0,0,0
6552.08,15,2,0,1,1
6871.82,3,24,1,0,1
3063.97,9,6,1,0,0
8453.08,21,19,0,1,1
7894.97,18,6,0,0,0
10156.86,10,1,0,1,1
5918.61,18,4,1,0,0
6908.9,22,22,0,0,1
8917.12,0,11,1,0,1
4880.48,23,24,1,0,1
3178.39,1,21,0,0,0
8211.87,19,13,0,0,0
14476.09,12,3,0,0,1
11694.59,9,21,0,0,1
4485.21,13,24,1,0,0
5392.07,3,12,0,0,1
7151.83,18,20,0,0,0
9211.88,13,21,0,0,0
14599.34,21,8,0,0,1
7913.91,20,17,0,0,0
13609.04,15,10,0,0,1
12624.65,16,14,0,0,1
13760.36,16,4,0,0,1
9916.22,18,9,0,0,0
1717.89,21,15,0,0,0
688.43,13,23,0,0,0
11362.74,14,20,1,0,1
3173.91,2,24,1,0,0
6512.65,0,1,0,0,1
6907.84,12,22,1,0,1
4548.97,19,12,0,1,1
12071.56,2,5,0,0,1
10443.53,6,1,0,0,1
6542.47,20,18,0,0,1
2231.0,13,1,0,1,0
14458.36,15,1,1,0,1
4429.52,12,2,0,0,0
14692.51,15,24,0,0,1
564.89,12,16,0,0,0
3486.27,1,17,0,0,0
4025.05,20,14,1,0,0
6730.4,13,1,0,0,0
5164.27,7,17,0,1,1
13826.82,22,22,0,1,1
14397.45,21,21,0,0,1
9331.42,9,23,0,0,0
2607.63,5,20,0,0,0
4561.74,6,18,0,0,0
5362.09,5,6,1,1,1
12104.16,10,14,0,0,1
7300.62,10,12,0,0,0
13445.8,22,17,0,0,1
13900.22,14,15,1,0,1
11726.97,19,4,1,0,1
2514.02,3,7,1,0,0
10625.37,16,16,0,0,1
5025.77,4,4,1,0,1
11540.6,0,8,1,0,1
7580.29,2,9,0,0,0
9445.31,7,5,0,0,0
2078.54,13,14,1,1,1
14156.67,14,5,0,0,0
1280.83,10,13,1,0,0
5905.06,1,22,1,0,1
14666.22,22,22,1,1,1
6036.02,21,23,0,0,0
13639.37,0,9,1,0,1
10507.42,14,21,0,0,1
10465.09,20,13,0,1,1
564.18,10,13,0,0,0
7811.84,17,10,0,0,0
7824.82,20,6,0,1,1
3627.68,9,24,0,0,0
12625.34,8,21,0,0,1
6736.57,18,24,0,0,0
12082.76,18,19,0,1,1
5261.55,9,22,0,0,0
10718.12,16,24,0,0,1
12344.41,11,15,0,0,1
1238.39,1,14,1,0,1
1180.31,21,17,0,0,0
13081.5,18,16,0,1,1
10978.44,13,6,0,0,1
1949.48,22,17,1,0,1
6836.93,1,24,0,0,0
9027.99,13,4,0,0,0
7846.43,3,12,0,0,1
7294.02,4,5,0,0,0
13336.97,6,6,1,0,1
8217.58,2,2,0,0,1
13505.31,12,16,1,0,1
11431.65,16,21,0,0,1
2243.25,23,11,0,0,0
5814.65,12,11,0,1,1
11041.33,20,3,1,0,1
8420.05,3,21,0,0,0
14359.82,16,7,0,0,0
1813.04,17,6,1,0,0
3686.85,22,19,0,0,0
6032.95,1,16,1,0,1
2715.82,0,17,0,0,0
14696.99,17,6,0,0,0
2321.87,13,22,0,0,0
2730.05,22,2,0,0,0
6198.21,10,9,0,0,0
787.65,7,25,0,0,0
14240.86,8,2,0,0,0
7267.73,13,21,0,1,1
8315.59,18,22,0,0,0
4576.15,13,15,0,0,0
11745.39,4,12,0,0,1
8067.66,13,18,0,0,1
14417.11,19,10,0,0,0
14003.27,15,9,0,0,1
14988.64,20,7,0,0,0
2429.63,17,19,0,0,0
12459.17,23,18,1,1,1
9160.58,10,22,1,0,1
4102.47,21,11,0,0,0
247.96,22,5,0,0,0
74.15,0,22,0,0,0
11439.35,17,3,0,0,0
8084.35,21,15,0,0,1
12413.73,11,13,0,0,1
1880.21,11,7,0,0,0
11378.73,21,23,0,0,1
12128.13,7,8,1,1,1
4218.54,22,23,0,0,0
1673.09,8,19,0,0,0
9900.98,18,22,0,0,0
8826.59,23,3,0,1,1
13216.24,23,9,0,0,1
10213.4,14,1,1,0,1
12809.36,10,14,1,0,1
10205.8,14,16,0,0,1
714.0,13,18,0,0,0
5027.24,18,1,1,0,1
14367.06,7,7,0,0,0
427.81,13,1,0,0,0
12609.21,7,4,0,1,1
12326.29,16,8,1,0,1
11463.84,20,15,0,0,1
13751.55,12,11,1,0,1
939.41,14,2,0,0,0
1536.4,1,18,0,0,0
1446.5,13,8,1,0,0
6806.63,14,14,1,0,1
9767.31,21,1,0,0,0
1629.02,0,20,0,0,0
13566.51,4,21,0,0,1
10872.1,14,6,0,0,0
1923.93,18,14,0,0,0
4674.71,17,25,0,0,0
4373.05,0,17,0,0,0
3568.44,17,2,0,0,0
9611.92,6,3,0,0,0
9000.44,10,19,0,0,0
6286.24,5,4,0,0,0
7444.0,0,21,0,0,1
3592.9,23,25,1,0,1
3087.69,5,1,0,0,0
8324.83,4,10,0,0,0
668.13,0,7,0,0,0
10785.36,10,18,0,0,1
12644.79,3,1,1,0,1
5082.37,6,10,0,0,0
9917.02,16,20,1,1,1
1786.21,4,7,0,0,0
4776.09,13,21,0,0,0
12817.99,9,5,0,0,1
13094.04,16,19,1,0,1
11772.13,21,20,0,0,1
7483.83,14,6,0,0,0
10737.59,15,16,0,0,1
3115.92,6,15,1,0,0
6381.09,12,19,0,0,0
8262.77,4,25,0,0,1
3460.36,1,15,0,0,0
7018.59,13,12,1,0,1
380.53,14,8,0,0,0
4424.82,16,17,0,0,0
13899.82,3,4,0,0,1
5013.03,21,11,0,0,0
2867.73,19,5,1,0,0
137.92,9,10,1,0,0
14187.77,18,25,0,0,1
12983.34,7,8,0,0,1
7742.22,17,25,0,0,0
11880.8,10,7,0,1,1
3151.68,14,18,0,0,0
4590.52,23,1,0,0,0
5103.94,13,14,0,0,0
4897.93,0,19,0,1,1
14658.88,10,19,0,0,1
14702.78,6,13,0,0,1
1638.49,18,15,0,0,0
1573.65,17,6,0,0,0
412.31,6,3,1,0,0
3503.26,21,17,0,0,0
2585.67,13,13,0,0,0
7178.98,2,13,1,1,1
13058.03,9,14,1,0,1
9059.6,9,19,0,0,1
4138.86,0,5,0,0,0
7892.59,18,16,0,0,0
4325.8,14,12,0,0,0
5872.44,5,14,0,1,1
6872.84,21,6,0,0,0
3603.03,5,9,1,0,0
10473.68,23,7,1,0,1
14929.79,2,25,0,0,1
6157.34,5,9,0,0,0
1107.2,22,22,0,0,0
12838.04,12,2,0,0,1
4913.38,23,15,0,0,0
10706.59,14,5,0,0,1
2567.13,0,20,0,0,0
2535.12,21,25,0,0,0
5377.72,6,23,0,0,0
6636.45,1,21,1,0,1
5865.37,9,15,0,0,1
11509.04,7,12,1,0,1
6331.02,0,11,1,0,1
3316.31,3,22,0,0,0
7692.38,10,11,0,0,0
14015.57,12,14,0,0,1
4857.28,0,13,0,0,0
6887.05,2,22,1,0,1
668.64,6,14,0,0,0
10690.84,18,6,0,0,1
14721.42,22,13,0,1,1
4987.38,20,25,1,0,1
1022.03,0,20,1,0,1
7556.27,22,1,0,0,0
4639.64,23,14,0,0,0
2071.96,15,10,0,0,0
3578.58,23,20,1,0,1
2022.66,10,21,0,0,0
9724.22,9,25,0,0,0
5147.5,6,18,0,1,1
12023.76,22,24,0,1,1
2761.35,20,1,0,0,0
791.08,4,7,0,0,0
3552.29,2,14,0,0,0
3681.43,5,20,0,0,0
14516.21,6,9,1,0,1
5979.68,5,16,0,0,1
11407.26,15,1,0,0,0
11385.29,9,20,0,0,1
3866.8,14,10,0,0,0
1088.38,4,23,0,0,0
72.67,16,24,0,0,0
14104.87,23,12,0,0,1
6137.73,1,4,0,0,0
11446.63,8,25,1,0,1
9528.35,11,23,0,0,1
11037.61,7,16,0,0,1
10465.1,20,5,0,0,1
3821.78,19,19,1,0,0
1759.79,2,21,0,0,0
7782.87,6,14,0,0,0
7514.7,17,22,1,0,1
11289.41,23,3,0,0,1
12215.28,8,24,0,0,1
106.24,5,16,0,0,0
7879.18,20,10,0,0,0
2804.14,4,7,0,0,0
6765.41,6,6,0,0,0
3897.69,13,15,0,0,0
1206.35,2,13,0,0,0
8788.84,15,16,0,0,0
3998.55,0,22,0,1,0
3173.91,0,13,0,1,1
13982.6,15,25,0,0,1
10231.08,10,11,1,1,1
5682.75,1,12,1,0,1
6859.22,22,13,0,1,1
394.95,3,17,0,0,0
5532.76,19,22,0,0,1
9906.82,0,21,1,0,1
9510.32,1,24,0,0,1
6008.48,19,3,0,1,1
14803.2,22,4,0,0,1
10682.01,16,19,0,0,1
1926.64,2,10,1,1,1
2529.11,14,4,0,0,0
3182.5,21,23,0,0,0
2411.93,10,13,0,0,0
9992.33,21,4,0,1,1
1365.72,22,11,1,1,1
9663.36,12,23,0,0,1
12128.63,7,9,0,0,0
5110.17,18,7,0,0,0
1919.99,10,13,0,0,0
8855.0,6,13,1,0,1
11964.8,4,17,0,0,1
5935.73,17,15,0,0,0
12559.88,15,22,0,0,1
11208.43,22,2,0,0,1
4109.05,22,19,0,0,0
4379.51,12,2,1,0,0
12722.57,7,23,0,1,1
12853.11,23,13,0,0,1
14866.04,17,13,0,0,1
11368.14,12,3,0,0,1
10519.62,17,13,0,0,1
12748.65,22,10,0,0,1
6633.84,15,10,1,0,1
11032.43,0,12,0,0,1
5654.57,13,22,1,1,1
5340.2,15,6,1,0,1
8904.95,4,21,0,0,0
3620.42,15,10,0,1,0
11639.99,21,22,0,0,1
4135.49,20,15,0,0,0
1839.55,20,22,1,0,1
4113.13,23,4,0,0,0
14999.31,22,14,0,0,1
961.84,17,6,0,0,0
8345.34,17,17,0,0,0
11305.09,6,22,1,0,1
89.81,14,11,0,0,0
9793.08,2,18,0,0,0
14699.13,16,10,0,0,1
14656.78,21,1,0,0,1
9890.77,14,5,0,0,0
9096.52,16,7,0,0,0
3564.13,6,5,0,0,0
9036.14,6,19,0,0,1
1124.65,8,9,0,1,0
6846.46,8,22,0,0,0
1067.67,23,9,1,0,0
10719.53,18,22,0,0,1
6301.1,4,11,1,0,1
14460.63,7,3,0,0,1
998.73,20,3,0,0,0
2203.48,7,9,0,0,0
5685.7,3,4,0,0,0
8836.52,15,4,0,0,0
8277.62,19,4,1,0,1
2718.28,23,22,1,0,1
7158.16,4,9,0,0,0
9866.87,4,13,0,0,1
10615.46,7,22,0,0,1
6590.01,11,15,0,0,1
7813.71,22,8,0,1,1
6103.66,10,3,0,0,0
14173.56,5,19,0,0,1
12127.12,0,14,0,1,1
7200.04,16,22,1,1,1
6088.02,19,7,1,0,1
10541.85,23,12,0,0,1
9114.53,5,22,1,0,1
2630.46,11,5,0,1,0
7437.66,5,12,1,0,1
12477.58,3,10,0,0,1
43.49,20,19,0,1,0
14031.86,19,16,0,0,1
4934.99,11,4,0,1,0
6037.0,0,4,0,0,0
6166.68,15,1,0,0,0
7065.77,11,10,0,1,1
1639.34,14,22,1,0,0
11208.9,0,12,1,0,1
2851.61,1,5,0,0,0
2413.08,6,16,1,1,1
6322.22,17,16,0,0,0
11268.84,12,17,0,0,1
1979.95,3,1,0,0,0
11513.1,7,2,0,0,0
6520.58,9,10,0,0,0
9268.02,23,17,0,0,0
12963.86,22,8,0,0,1
10599.85,3,23,0,0,1
14888.35,18,21,0,0,1
6025.23,8,7,1,0,1
1373.12,1,13,0,0,0
3334.41,13,16,0,0,0
4571.31,8,12,0,0,0
3712.06,1,6,0,0,0
3187.54,15,9,1,0,0
3791.42,15,12,0,0,0
10247.59,4,11,0,0,1
3581.4,8,7,0,0,0
1965.98,23,20,0,0,0
2901.98,14,4,0,0,0
4529.13,15,25,0,0,0
1926.2,13,18,0,1,0
13424.75,14,21,0,1,1
7247.48,16,17,0,0,0
10453.63,4,10,0,0,1
11113.32,12,16,0,1,1
2491.12,16,13,0,0,0
3111.8,0,6,0,0,0
13188.53,16,15,0,0,1
4558.12,7,10,0,0,0
3366.7,17,8,0,0,0
13909.45,8,2,0,0,1
8023.58,0,21,0,0,1
4875.18,22,18,0,0,0
4876.28,1,21,1,0,1
10959.85,8,6,0,0,0
10841.81,22,13,1,0,1
12254.54,7,11,0,0,1
2343.07,7,24,0,0,0
1414.43,5,15,0,1,1
8549.17,23,6,0,0,0
13279.94,12,22,0,0,1
6401.66,14,21,1,0,1
10904.2,0,20,0,0,1
12400.17,20,2,0,0,1
2148.11,20,20,0,1,0
8140.13,10,23,0,0,1
12233.82,9,11,0,0,1
9416.01,3,1,1,0,1
1547.47,13,5,0,0,0
6412.76,4,12,0,0,1
10304.63,22,4,0,1,1
1535.03,9,12,0,0,0
13850.56,2,2,0,0,1
8998.18,21,14,0,0,0
9375.13,9,12,1,0,1
9929.36,8,23,0,0,0
11668.98,4,11,0,0,1
12221.6,3,19,0,0,1
1365.8,4,6,0,0,0
6363.24,22,14,0,0,1
12034.09,20,8,0,0,1
7991.79,7,13,0,0,0
10549.37,7,12,0,1,1
5442.35,15,5,1,0,1
5419.27,4,10,0,0,1
3645.04,7,2,0,0,0
5668.14,0,23,1,0,1
9944.58,2,16,1,1,1
2211.83,4,3,0,0,0
2254.26,5,16,0,0,0
7058.07,23,11,0,0,0
4308.67,4,2,1,0,0
7554.4,0,13,1,0,1
8316.8,8,19,0,0,1
13972.44,8,3,0,1,1
11149.59,12,20,0,0,1
12250.22,14,16,0,0,1
2480.72,11,21,0,0,0
1176.35,19,25,1,0,0
2449.78,3,3,0,0,0
2824.28,6,21,1,0,0
14650.18,18,2,0,0,0
730.25,2,10,0,0,0
14381.5,16,7,0,0,1
14608.02,22,22,0,0,1
7537.63,4,1,0,0,0
4358.89,4,22,0,1,0
14292.75,7,7,1,0,1
14901.32,16,17,1,0,1
6717.73,4,11,0,0,1
609.79,22,25,0,0,0
14370.65,18,21,1,0,1
2147.91,9,18,1,0,0
7488.69,14,11,0,0,0
4208.96,11,12,0,0,0
3876.58,15,9,0,0,0
14098.04,18,16,0,1,1
6141.41,19,22,0,0,0
5611.51,21,14,0,0,0
9313.0,20,2,0,0,0
2326.89,3,10,0,0,0
3353.54,14,22,0,0,0
1645.69,5,24,0,1,1
11525.57,6,13,0,0,1
3197.4,23,16,0,0,0
14228.52,4,21,0,0,1
945.38,11,14,1,0,0
13021.63,21,14,0,0,1
2134.65,8,13,0,1,1
13070.62,16,7,0,0,0
1395.69,13,11,1,0,0
5245.65,13,16,0,0,0
14484.19,13,12,1,0,1
8418.02,19,7,0,0,0
4862.75,23,24,1,0,0
2266.09,14,5,0,0,0
3949.41,23,1,1,1,1
9518.05,20,19,0,0,0
6308.44,17,25,0,0,0
3154.35,6,22,0,0,0
252.71,9,17,1,0,1
9737.19,14,14,0,0,1
7852.32,10,4,1,0,1
2661.66,19,6,0,0,0
9515.27,22,20,1,1,1
14930.49,3,3,0,0,1
1564.09,23,25,0,0,0
7555.39,1,22,0,0,1
11655.43,17,13,0,1,1
5265.7,14,14,1,0,1
124.0,11,8,0,0,0
4617.88,13,22,0,1,1
499.79,0,5,0,0,0
5033.0,18,14,0,1,1
9247.86,12,2,1,0,1
14091.48,12,24,0,1,1
6566.65,3,23,1,0,1
12647.03,20,9,1,0,1
3064.4,2,1,0,0,0
427.0,22,18,1,0,1
389.1,23,5,1,0,0
2806.46,20,8,0,0,0
10897.43,12,25,0,0,1
14025.29,20,1,0,0,0
1672.86,19,4,0,0,0
1400.73,15,12,1,0,0
7370.64,0,14,0,1,1
3162.34,13,13,1,0,1
12130.15,5,10,0,0,1
1766.94,10,12,0,0,0
2384.24,23,9,1,0,0
8043.95,16,17,0,0,0
1730.68,6,1,0,0,0
4021.18,15,7,1,0,0
7010.99,15,14,0,0,0
3758.9,6,22,1,0,1
1552.39,18,10,0,0,0
6507.74,14,14,0,0,0
9347.44,19,13,0,0,0
13469.44,2,15,0,0,1
8807.17,9,20,1,0,1
5980.62,3,6,1,0,1
5372.59,2,7,0,0,0
1843.33,10,23,0,0,0
8516.36,10,8,0,0,0
7913.66,3,18,0,0,0
8613.49,20,14,0,0,0
2980.27,1,16,0,1,1
1797.69,14,6,0,0,0
8650.44,9,1,0,1,0
13675.53,9,5,1,0,1
5067.47,0,3,0,0,1
10851.57,8,11,0,0,1
7412.34,1,13,0,1,1
12731.6,3,12,1,0,1
727.04,0,5,0,0,0
3402.86,2,7,0,0,0
14012.31,1,9,1,0,1
14207.7,2,9,0,0,1
4055.98,5,5,0,0,0
12929.8,18,14,0,0,1
8672.49,21,16,1,0,1
3395.2,8,25,0,0,0
9895.62,23,7,0,0,1
913.4,0,22,0,0,0
7319.81,10,7,1,0,1
11409.71,9,23,0,0,1
13712.74,7,12,0,0,1
11702.52,6,3,0,0,1
14272.9,18,21,0,0,1
11177.94,7,1,1,0,1
7148.84,16,15,0,0,0
5322.86,6,5,0,0,0
806.82,8,12,0,0,0
2917.04,6,13,0,0,0
7784.09,3,22,0,0,0
3301.5,1,2,0,0,0
4139.14,19,23,0,0,0
3306.13,22,9,0,0,0
5221.02,9,23,0,0,0
2784.33,22,20,0,0,0
2561.79,21,3,0,0,0
2136.09,0,22,0,0,0
14615.82,2,6,0,1,1
14543.43,18,1,0,0,0
687.2,0,19,0,0,0
7883.79,5,25,0,0,1
12060.35,10,15,0,0,1
9954.49,8,12,0,0,0
10655.26,16,25,0,1,1
1700.29,21,17,0,0,0
12845.42,21,5,0,0,1
5397.7,23,3,0,1,1
14482.14,20,22,0,1,1
3986.99,21,12,1,0,1
14179.54,8,10,0,0,1
12514.23,3,14,0,0,1
4333.24,0,16,1,0,1
7852.56,9,20,0,0,1
4331.02,9,1,0,0,0
807.37,9,1,0,0,0
758.03,4,12,1,0,1
14305.74,22,9,0,0,1
8782.52,2,10,0,0,0
3738.44,21,21,0,0,0
13396.57,9,20,0,0,1
12067.66,4,22,0,0,1
8318.71,9,10,0,0,0
8192.0,12,14,0,0,0
7562.19,21,23,0,0,1
6313.38,13,15,0,0,1
1335.55,4,20,1,0,1
1917.85,17,19,1,0,1
1897.78,21,1,0,0,0
12589.58,2,2,0,1,1
5008.92,3,10,0,0,0
1830.43,18,22,0,0,0
7748.8,17,24,1,0,1
4520.37,9,24,1,0,1
9358.72,6,4,0,0,0
7802.14,7,7,0,0,0
5866.8,3,10,0,1,1
12627.39,17,9,1,0,1
6490.98,20,1,0,0,0
2569.92,23,23,0,0,0
4348.84,3,19,0,0,0
5793.45,3,15,0,0,0
4258.5,3,19,0,0,0
9680.18,21,20,0,1,1
14442.32,14,24,0,0,1
5372.64,16,7,0,0,0
7700.55,5,21,0,0,1
6897.63,4,9,0,0,1
1032.47,20,16,0,0,0
8644.82,16,25,0,0,0
8836.89,18,12,0,0,0
683.49,23,6,0,0,0
14014.17,15,11,0,1,1
1590.42,5,24,1,0,1
13836.41,1,20,0,0,1
6628.51,11,20,0,0,0
4824.18,22,15,0,1,1
2943.81,15,15,0,0,0
6516.6,16,7,0,0,0
3061.06,4,1,0,0,0
5117.26,21,24,1,0,1
2860.15,6,19,1,0,0
9281.0,17,5,1,0,1
13110.91,18,3,0,0,0
1777.73,7,2,0,0,0
12321.7,9,9,0,0,1
14522.04,2,18,0,1,1
5994.3,1,18,0,0,1
14054.53,8,21,0,0,1
3015.66,1,5,0,0,0
13863.37,21,2,0,0,0
5194.23,2,14,0,0,0
13313.9,15,5,0,0,0
7453.98,7,21,0,0,0
331.43,1,1,0,0,0
10232.3,23,1,0,0,1
10434.65,13,23,0,0,1
1778.71,19,12,0,0,0
3580.17,2,19,0,0,0
14864.17,0,24,0,0,1
1909.47,5,10,0,0,0
14971.35,4,20,0,0,1
1154.9,17,7,0,0,0
13465.63,7,15,0,1,1
13035.87,7,17,1,0,1
819.42,13,23,1,0,0
3061.29,4,17,0,0,0
1849.99,23,5,0,0,0
9752.12,14,4,0,0,0
4176.73,12,10,1,0,0
12820.07,12,16,0,0,1
675.79,6,13,0,0,0
9909.43,1,18,0,1,1
13841.25,8,25,0,0,1
10889.54,19,14,1,0,1
12112.88,17,13,1,1,1
12879.13,17,15,0,0,1
2446.61,12,15,0,1,0
13616.61,8,22,1,0,1
11572.37,9,11,0,0,1
5431.81,21,9,0,0,0
1873.35,18,22,0,0,0
6662.69,0,15,0,0,1
7208.32,17,7,0,0,0
4153.92,19,18,0,0,0
3877.52,8,9,1,0,0
2212.06,19,21,0,0,0
2771.99,16,15,0,0,0
921.58,22,9,1,0,0
8111.22,1,20,0,0,1
1706.61,2,8,0,0,0
1080.18,13,10,0,0,0
5031.44,13,21,0,1,1
9332.53,5,12,0,1,1
1602.42,6,11,0,0,0
14099.7,12,19,0,0,1
11441.55,20,3,1,1,1
8485.38,18,21,0,0,0
12715.45,16,2,0,0,1
4760.92,6,19,0,0,0
11987.1,11,8,0,0,0
10399.17,14,24,1,0,1
5286.25,16,3,1,0,1
6740.03,13,8,0,0,0
13886.5,7,25,1,0,1
9087.13,9,11,0,0,1
7580.34,4,19,0,1,1
13499.09,14,1,0,0,1
11145.38,4,2,1,0,1
14849.1,4,17,1,1,1
5321.97,12,23,0,0,0
5058.76,10,19,0,0,0
1115.55,11,15,1,0,1
4346.47,15,23,0,0,0
2292.32,0,19,0,0,0
5696.82,14,6,0,0,0
3491.63,15,11,0,0,0
4286.01,12,11,0,1,0
12211.67,23,24,0,0,1
1501.0,9,6,0,0,0
3362.26,5,10,1,0,0
13868.49,21,9,0,0,1
419.98,1,18,0,0,0
12489.24,0,12,0,1,1
10984.02,16,5,1,0,1
10746.6,3,15,1,0,1
12968.9,8,24,0,1,1
11166.72,7,24,0,0,1
4148.86,20,24,0,0,0
13385.16,1,14,0,0,1
2864.08,17,22,1,0,0
3696.25,18,13,1,0,0
3986.64,4,16,1,0,1
1985.56,20,3,1,1,1
57.93,2,16,0,0,0
591.8,22,9,0,0,0
9569.34,15,17,0,0,0
12611.97,9,22,0,0,1
8971.65,17,16,0,0,0
6299.71,14,11,0,0,0
6976.39,10,22,0,0,0
11607.49,15,16,0,0,1
4371.04,16,7,1,0,0
8438.24,10,9,0,0,0
6383.74,8,2,0,0,0
9547.63,1,10,0,0,0
8044.84,20,4,1,0,1
1946.94,17,1,1,0,0
1362.89,22,11,1,0,0
9827.42,16,7,0,0,0
12573.85,12,23,0,0,1
4979.22,6,18,0,1,0
12683.77,16,4,0,0,0
2362.61,9,1,0,0,0
516.33,23,4,1,0,1
1976.59,23,9,1,0,1
312.11,23,18,0,0,0
2922.32,19,10,0,0,0
4539.29,14,7,0,1,0
5654.95,13,3,0,0,0
7255.41,22,18,0,0,1
10916.09,11,25,0,0,1
8672.41,0,13,0,0,1
8451.67,20,10,0,0,0
1439.88,5,7,1,0,0
1267.49,12,20,1,0,0
